{
  "Workflows": [
    {
      "Path": null,
      "SortBy": 0,
      "VariablesSectionElementsOrder": [],
      "ArgumentsSectionElementsOrder": null,
      "ConstantsSectionElementsOrder": [],
      "AddedNamespaces": null
    },
    {
      "Path": "Main.xaml",
      "SortBy": 0,
      "VariablesSectionElementsOrder": [
        "in_strFileName&Sequence_45",
        "myDetectedlng&Sequence_8",
        "mytext&Sequence_8",
        "mytranslatedText&Sequence_8",
        "MyRewrittentxt&Sequence_8",
        "mySummarizeTxt&Sequence_8",
        "namefile&Sequence_31",
        "totalrecordOutRecord&Sequence_3",
        "list_OutRecord&Sequence_3",
        "in_strInputData&Sequence_3",
        "out_strMiddlename&Sequence_3",
        "out_strEmail&Sequence_3",
        "out_strPhoneNumber&Sequence_3",
        "out_strLocation&Sequence_3",
        "out_strCurrentJobTitle&Sequence_3",
        "out_strIndustry&Sequence_3",
        "out_strYearsofExperience&Sequence_3",
        "out_strPreviousJobTitles&Sequence_3",
        "out_strHighestEducationLevel&Sequence_3",
        "out_strFieldofStudy&Sequence_3",
        "out_strCertifications&Sequence_3",
        "out_strTechnicalSkills&Sequence_3",
        "out_strSoftSkills&Sequence_3",
        "out_strLanguages&Sequence_3",
        "out_strShorttermCareerGoals&Sequence_3",
        "out_strLongtermCareerGoals&Sequence_3",
        "out_strPersonalInterests&Sequence_3",
        "out_strSkillstoImprove&Sequence_3",
        "out_strDesiredTraining&Sequence_3",
        "out_strPreferredLearningMethods&Sequence_3",
        "out_strJobSatisfactionLevel&Sequence_3",
        "out_strMajorCareerChallenges&Sequence_3",
        "out_strPreferredWorkEnvironment&Sequence_3",
        "out_strPreferredJobRoles&Sequence_3",
        "out_strGeographicalPreferences&Sequence_3",
        "out_strInterestinCareerTransition&Sequence_3",
        "out_strFlexibility&Sequence_3",
        "out_str&Sequence_3",
        "out_strMobilityConstraints&Sequence_3",
        "out_strFirstName&Sequence_3",
        "out_strLastName&Sequence_3",
        "out_strDocFile&Sequence_3",
        "myDetectedlng&Sequence_3",
        "mytext&Sequence_3",
        "mytranslatedText&Sequence_3",
        "out_CvFormat&Sequence_3",
        "mySummarizeTxt&Sequence_3",
        "out_recID&Sequence_3",
        "in_strInvoiceProcessing_Date&Sequence_3",
        "out_suggestion&Sequence_3",
        "out_strDU&Sequence_3",
        "ExtractPossibleJobs&Sequence_3",
        "out_str_Suggest&Sequence_3",
        "matchedValues&Sequence_3",
        "new_test&Sequence_3",
        "matchedIntroduction&Sequence_3",
        "matchedConclusion&Sequence_3",
        "match&Sequence_3",
        "_intro&Sequence_3",
        "matchedPossibleJobApplications&Sequence_3",
        "matchedEnhanceSkills&Sequence_3",
        "matchedPotentialEmployers&Sequence_3",
        "matchedMentorshipandNetworking&Sequence_3",
        "matchedProfessionalDevelopment&Sequence_3",
        "matchedAdditionalRecommendations&Sequence_3",
        "emailout&Sequence_3"
      ],
      "ArgumentsSectionElementsOrder": [
        "WordDocumentPath",
        "in_Introduction_ReplacementText",
        "in_Introduction_PatternToReplace",
        "in_PossibleJob_ReplacementText",
        "in_PossibleJob_PatternToReplace",
        "in_PotentialEmployers_ReplacementText",
        "in_PotentialEmployers_PatternToReplace",
        "in_EnhanceSkills_PatternToReplace",
        "in_Mentorship_and_Networking_ReplacementText",
        "in_Mentorship_and_Networking_PatternToReplace",
        "in_ProfessionalDevelopment_ReplacementText",
        "in_ProfessionalDevelopment_PatternToReplace",
        "in_Additional_Recommendations_ReplacementText",
        "in_Conclusion_ReplacementText",
        "in_Additional_Recommendations_PatternToReplace",
        "in_Conclusion_PatternToReplace",
        "in_EnhanceSkills_ReplacementText",
        "out_strDocFile"
      ],
      "ConstantsSectionElementsOrder": [],
      "AddedNamespaces": null
    },
    {
      "Path": "test.xaml",
      "SortBy": 0,
      "VariablesSectionElementsOrder": [
        "SuggestTest&Sequence_1"
      ],
      "ArgumentsSectionElementsOrder": [],
      "ConstantsSectionElementsOrder": [],
      "AddedNamespaces": null
    },
    {
      "Path": "SuggestionExtractRecord.xaml",
      "SortBy": 0,
      "VariablesSectionElementsOrder": [
        "out_Conclusion&Sequence_1",
        "out_AdditionalRecommend&Sequence_1",
        "out_ProfessionalDevelopment&Sequence_1",
        "out_Mentorship_and_Networking&Sequence_1",
        "out_EnhanceSkills&Sequence_1",
        "matchedValues&Sequence_1",
        "new_test&Sequence_1",
        "matchedIntroduction&Sequence_1",
        "matchedConclusion&Sequence_1",
        "matchedAdditionalRecommendations&Sequence_1",
        "matchedProfessionalDevelopment&Sequence_1",
        "matchedMentorshipandNetworking&Sequence_1",
        "matchedEnhanceSkills&Sequence_1",
        "matchedPotentialEmployers&Sequence_1",
        "matchedPossibleJobApplications&Sequence_1",
        "_intro&Sequence_1",
        "match&Sequence_1",
        "out_intro&Sequence_1",
        "out_PossibleJobApplications&Sequence_1",
        "out_PotentialEmployer&Sequence_1"
      ],
      "ArgumentsSectionElementsOrder": [
        "in_strSuggestionDocFile",
        "in_CareerSuggestion"
      ],
      "ConstantsSectionElementsOrder": [],
      "AddedNamespaces": null
    },
    {
      "Path": "SuggestWordReplaceLargeText.xaml",
      "SortBy": 0,
      "VariablesSectionElementsOrder": [
        "chunksCount_in_Conclusion&Sequence_1",
        "index_in_Conclusion&Sequence_1",
        "chunksCount_in_Additional_Recommendations&Sequence_1",
        "index_in_Additional_Recommendations&Sequence_1",
        "chunksCount_in_ProfessionalDevelopment&Sequence_1",
        "index_in_ProfessionalDevelopment&Sequence_1",
        "chunksCount_in_Mentorship_and_Networking&Sequence_1",
        "index_in_Mentorship_and_Networking&Sequence_1",
        "chunksCount_in_EnhanceSkills&Sequence_1",
        "index_in_EnhanceSkills&Sequence_1",
        "maxChunkLenght_Conclusion&Sequence_1",
        "maxChunkLenght_Additional_Recommendations&Sequence_1",
        "maxChunkLenght_ProfessionalDevelopment&Sequence_1",
        "maxChunkLenght_Mentorship_and_Networking&Sequence_1",
        "maxChunkLenght_EnhanceSkills&Sequence_1",
        "maxChunkLength_Introduction&Sequence_1",
        "chunksCount_Introduction&Sequence_1",
        "maxChunkLenght_PossibleJob&Sequence_1",
        "maxChunkLenght_PotentialEmployer&Sequence_1",
        "chunksCount_PossibleJob&Sequence_1",
        "chunksCount_PotentialEmployer&Sequence_1",
        "IndexPotentialEmployee&Sequence_1",
        "indexPossibleJob&Sequence_1",
        "in_strInvoiceProcessing_Date&Sequence_1",
        "index&Sequence_1"
      ],
      "ArgumentsSectionElementsOrder": [
        "out_strDocFile",
        "in_EnhanceSkills_ReplacementText",
        "in_Conclusion_PatternToReplace",
        "in_Additional_Recommendations_PatternToReplace",
        "in_Conclusion_ReplacementText",
        "in_Additional_Recommendations_ReplacementText",
        "in_ProfessionalDevelopment_PatternToReplace",
        "in_ProfessionalDevelopment_ReplacementText",
        "in_Mentorship_and_Networking_PatternToReplace",
        "in_Mentorship_and_Networking_ReplacementText",
        "in_EnhanceSkills_PatternToReplace",
        "WordDocumentPath",
        "in_Introduction_ReplacementText",
        "in_Introduction_PatternToReplace",
        "in_PossibleJob_ReplacementText",
        "in_PossibleJob_PatternToReplace",
        "in_PotentialEmployers_ReplacementText",
        "in_PotentialEmployers_PatternToReplace"
      ],
      "ConstantsSectionElementsOrder": [],
      "AddedNamespaces": null
    },
    {
      "Path": "CVExtractRecord.xaml",
      "SortBy": 0,
      "VariablesSectionElementsOrder": [
        "in_strInvoiceProcessing_Date&Sequence_6",
        "out_strDocFile&Sequence_6",
        "out_lang&Sequence_1",
        "out_phone&Sequence_1",
        "out_email&Sequence_1",
        "out_location&Sequence_1",
        "out_name&Sequence_1",
        "matchedLang&Sequence_1",
        "matchedPhone&Sequence_1",
        "matchedEmail&Sequence_1",
        "matchedLocation&Sequence_1",
        "matchedName&Sequence_1",
        "out_ProfessionalDevelopment&Sequence_1",
        "matchedProfessionalDevelopment&Sequence_1",
        "matchedCoreCompetencies&Sequence_1",
        "out_PersonalInformation&Sequence_1",
        "out_ProfessionalSummary&Sequence_1",
        "out_CoreCompetencies&Sequence_1",
        "out_ProfessionalExperience&Sequence_1",
        "out_EducationalBackground&Sequence_1",
        "out_SkillsCertifications&Sequence_1",
        "out_CareerGoals&Sequence_1",
        "matchedCareerGoals&Sequence_1",
        "matchedSkillsCertifications&Sequence_1",
        "matchedEducationalBackground&Sequence_1",
        "matchedProfessionalExperience&Sequence_1",
        "matchedProfessionalSummary&Sequence_1",
        "matchedPersonalInformation&Sequence_1",
        "matchedValues&Sequence_1",
        "new_test&Sequence_1",
        "_intro&Sequence_1",
        "match&Sequence_1"
      ],
      "ArgumentsSectionElementsOrder": [
        "in_strCVDocFile",
        "in_CVSuggestion"
      ],
      "ConstantsSectionElementsOrder": [],
      "AddedNamespaces": null
    },
    {
      "Path": "CVWordReplaceLargeText.xaml",
      "SortBy": 0,
      "VariablesSectionElementsOrder": [],
      "ArgumentsSectionElementsOrder": [
        "out_strCVDocFile",
        "in_lang_ReplacementText",
        "in_lang_PatternToReplace",
        "in_phone_PatternToReplace",
        "in_phone_ReplacementText",
        "in_Email_ReplacementText",
        "in_Email_PatternToReplace",
        "in_location_PatternToReplace",
        "in_location_ReplacementText",
        "in_Name_PatternToReplace",
        "in_Name_ReplacementText",
        "in_CareerGoals_ReplacementText",
        "in_CareerGoals_PatternToReplace",
        "in_SkillsCertifications_ReplacementText",
        "in_SkillsCertifications_PatternToReplace",
        "in_EducationalBackground_ReplacementText",
        "in_EducationalBackground_PatternToReplace",
        "in_ProfessionalExperience_ReplacementText",
        "in_ProfessionalExperience_PatternToReplace",
        "in_CoreCompetencies_ReplacementText",
        "in_CoreCompetencies_PatternToReplace",
        "in_ProfessionalSummary_ReplacementText",
        "in_ProfessionalSummary_PatternToReplace",
        "in_PersonalInformation_ReplacementText",
        "in_PersonalInformation_PatternToReplace",
        "WordDocumentPath",
        "in_ProfessionalDevelopment_ReplacementText",
        "in_ProfessionalDevelopment_PatternToReplace"
      ],
      "ConstantsSectionElementsOrder": [],
      "AddedNamespaces": null
    },
    {
      "Path": "Document Extract.xaml",
      "SortBy": 0,
      "VariablesSectionElementsOrder": [
        "idCardpath&Sequence_1",
        "fileContent&Sequence_1"
      ],
      "ArgumentsSectionElementsOrder": [
        "get_documentname",
        "in_recID"
      ],
      "ConstantsSectionElementsOrder": [],
      "AddedNamespaces": null
    },
    {
      "Path": "GenAIFlow.xaml",
      "SortBy": 0,
      "VariablesSectionElementsOrder": [
        "in_str_Suggestion_DocFile&Sequence_10",
        "in_str_CV_DocFile&Sequence_10",
        "suggestionOutputFile&Sequence_10"
      ],
      "ArgumentsSectionElementsOrder": [
        "in_strInputData",
        "myDetectedlng",
        "mytranslatedText",
        "out_suggestion",
        "out_recID",
        "out_CvFormat",
        "out_suggestedOutPut",
        "mySummarizeTxt",
        "out_strEmail",
        "out_strFirstName",
        "out_strDocFile"
      ],
      "ConstantsSectionElementsOrder": [],
      "AddedNamespaces": null
    }
  ]
}