{"ProjectBreakpoints":"{\"Value\":{\"SuggestionExtractRecord.xaml\":[{\"ConditionalExpression\":null,\"ActionExpression\":null,\"ExpectedHitCounter\":null,\"ShouldContinueAfterAction\":false,\"BreakpointType\":1,\"LocationIdentifier\":\"matchedIntroduction\",\"IsEnabled\":false,\"Annotation\":null,\"Id\":\"6d5e082e-d362-471f-aea7-f9d81b0d5113\",\"ActivityIdRef\":\"Matches_1\",\"ActivityId\":\"1.1090\",\"ActivityName\":\"matchedIntroduction\",\"IsTransient\":false},{\"ConditionalExpression\":null,\"ActionExpression\":null,\"ExpectedHitCounter\":null,\"ShouldContinueAfterAction\":false,\"BreakpointType\":1,\"LocationIdentifier\":\"Possible Job Applications\",\"IsEnabled\":false,\"Annotation\":null,\"Id\":\"4eae2a3e-6ef7-49e4-a4bd-0915005ac0ba\",\"ActivityIdRef\":\"Matches_4\",\"ActivityId\":\"1.1019\",\"ActivityName\":\"Possible Job Applications\",\"IsTransient\":false},{\"ConditionalExpression\":null,\"ActionExpression\":null,\"ExpectedHitCounter\":null,\"ShouldContinueAfterAction\":false,\"BreakpointType\":1,\"LocationIdentifier\":\"Potential Employers\",\"IsEnabled\":false,\"Annotation\":null,\"Id\":\"11749ff6-a8b7-4020-9a26-babaacccec42\",\"ActivityIdRef\":\"Matches_9\",\"ActivityId\":\"1.948\",\"ActivityName\":\"Potential Employers\",\"IsTransient\":false},{\"ConditionalExpression\":null,\"ActionExpression\":null,\"ExpectedHitCounter\":null,\"ShouldContinueAfterAction\":false,\"BreakpointType\":1,\"LocationIdentifier\":\"Multiple Assign\",\"IsEnabled\":false,\"Annotation\":null,\"Id\":\"9e42ae65-2f1e-42da-a2ea-9552d53d3822\",\"ActivityIdRef\":\"MultipleAssign_1\",\"ActivityId\":\"1.223\",\"ActivityName\":\"Multiple Assign\",\"IsTransient\":false},{\"ConditionalExpression\":null,\"ActionExpression\":null,\"ExpectedHitCounter\":null,\"ShouldContinueAfterAction\":false,\"BreakpointType\":1,\"LocationIdentifier\":\"Sequence\",\"IsEnabled\":false,\"Annotation\":null,\"Id\":\"3b4186c0-06af-4324-b2bb-19078c6add4b\",\"ActivityIdRef\":\"Sequence_9\",\"ActivityId\":\"1.222\",\"ActivityName\":\"Sequence\",\"IsTransient\":false},{\"ConditionalExpression\":null,\"ActionExpression\":null,\"ExpectedHitCounter\":null,\"ShouldContinueAfterAction\":false,\"BreakpointType\":1,\"LocationIdentifier\":\"WordReplaceLargeText - Invoke Workflow File (WordReplaceLargeText.xaml)\",\"IsEnabled\":false,\"Annotation\":null,\"Id\":\"dabd0f0a-a32f-420e-81bd-ce2ec27d36d9\",\"ActivityIdRef\":\"InvokeWorkflowFile_1\",\"ActivityId\":\"1.4\",\"ActivityName\":\"WordReplaceLargeText - Invoke Workflow File (WordReplaceLargeText.xaml)\",\"IsTransient\":false},{\"ConditionalExpression\":null,\"ActionExpression\":null,\"ExpectedHitCounter\":null,\"ShouldContinueAfterAction\":false,\"BreakpointType\":1,\"LocationIdentifier\":\"ExtractRecord\",\"IsEnabled\":false,\"Annotation\":null,\"Id\":\"56e50376-16ec-474d-8289-41cfa822a6f4\",\"ActivityIdRef\":\"Sequence_1\",\"ActivityId\":\"1.1\",\"ActivityName\":\"ExtractRecord\",\"IsTransient\":false}],\"CVExtractRecord.xaml\":[{\"ConditionalExpression\":null,\"ActionExpression\":null,\"ExpectedHitCounter\":null,\"ShouldContinueAfterAction\":false,\"BreakpointType\":1,\"LocationIdentifier\":\"Log Message\",\"IsEnabled\":false,\"Annotation\":null,\"Id\":\"35a866df-7317-4346-bb03-3a7e6710937f\",\"ActivityIdRef\":\"LogMessage_12\",\"ActivityId\":\"1.2758\",\"ActivityName\":\"Log Message\",\"IsTransient\":false},{\"ConditionalExpression\":null,\"ActionExpression\":null,\"ExpectedHitCounter\":null,\"ShouldContinueAfterAction\":false,\"BreakpointType\":1,\"LocationIdentifier\":\"Assign\",\"IsEnabled\":false,\"Annotation\":null,\"Id\":\"9072cb35-1c63-41b5-84d3-552da74376ec\",\"ActivityIdRef\":\"Assign_13\",\"ActivityId\":\"1.2691\",\"ActivityName\":\"Assign\",\"IsTransient\":false},{\"ConditionalExpression\":null,\"ActionExpression\":null,\"ExpectedHitCounter\":null,\"ShouldContinueAfterAction\":false,\"BreakpointType\":1,\"LocationIdentifier\":\"Log Message\",\"IsEnabled\":false,\"Annotation\":null,\"Id\":\"790fdc3a-1d61-4287-90b6-a2614c28e3d3\",\"ActivityIdRef\":\"LogMessage_11\",\"ActivityId\":\"1.2656\",\"ActivityName\":\"Log Message\",\"IsTransient\":false},{\"ConditionalExpression\":null,\"ActionExpression\":null,\"ExpectedHitCounter\":null,\"ShouldContinueAfterAction\":false,\"BreakpointType\":1,\"LocationIdentifier\":\"Core Competencies\",\"IsEnabled\":false,\"Annotation\":null,\"Id\":\"1dd21701-1572-4492-898f-03eb8745af6b\",\"ActivityIdRef\":\"Matches_9\",\"ActivityId\":\"1.2353\",\"ActivityName\":\"Core Competencies\",\"IsTransient\":false},{\"ConditionalExpression\":null,\"ActionExpression\":null,\"ExpectedHitCounter\":null,\"ShouldContinueAfterAction\":false,\"BreakpointType\":1,\"LocationIdentifier\":\"Skills & Certifications\",\"IsEnabled\":false,\"Annotation\":null,\"Id\":\"98c4e54c-01e1-46f6-a06d-1bb6dc2e3f06\",\"ActivityIdRef\":\"Matches_3\",\"ActivityId\":\"1.2050\",\"ActivityName\":\"Skills & Certifications\",\"IsTransient\":false},{\"ConditionalExpression\":null,\"ActionExpression\":null,\"ExpectedHitCounter\":null,\"ShouldContinueAfterAction\":false,\"BreakpointType\":1,\"LocationIdentifier\":\"Professional Development\",\"IsEnabled\":false,\"Annotation\":null,\"Id\":\"c5d52cd0-6e3f-45d6-a665-9dad16eb24d1\",\"ActivityIdRef\":\"Matches_6\",\"ActivityId\":\"1.1949\",\"ActivityName\":\"Professional Development\",\"IsTransient\":false},{\"ConditionalExpression\":null,\"ActionExpression\":null,\"ExpectedHitCounter\":null,\"ShouldContinueAfterAction\":false,\"BreakpointType\":1,\"LocationIdentifier\":\"CareerGoals\",\"IsEnabled\":false,\"Annotation\":null,\"Id\":\"58bb63d2-446d-48a7-82e9-7afb77a535e4\",\"ActivityIdRef\":\"Matches_5\",\"ActivityId\":\"1.1848\",\"ActivityName\":\"CareerGoals\",\"IsTransient\":false},{\"ConditionalExpression\":null,\"ActionExpression\":null,\"ExpectedHitCounter\":null,\"ShouldContinueAfterAction\":false,\"BreakpointType\":1,\"LocationIdentifier\":\"Name\",\"IsEnabled\":false,\"Annotation\":null,\"Id\":\"9a665645-8359-416d-945c-bc36dfc4acbc\",\"ActivityIdRef\":\"Matches_10\",\"ActivityId\":\"1.1747\",\"ActivityName\":\"Name\",\"IsTransient\":false},{\"ConditionalExpression\":null,\"ActionExpression\":null,\"ExpectedHitCounter\":null,\"ShouldContinueAfterAction\":false,\"BreakpointType\":1,\"LocationIdentifier\":\"Multiple Assign\",\"IsEnabled\":true,\"Annotation\":null,\"Id\":\"30affb8a-de1f-462e-8cdd-d10daa7675d2\",\"ActivityIdRef\":\"MultipleAssign_1\",\"ActivityId\":\"1.483\",\"ActivityName\":\"Multiple Assign\",\"IsTransient\":false},{\"ConditionalExpression\":null,\"ActionExpression\":null,\"ExpectedHitCounter\":null,\"ShouldContinueAfterAction\":false,\"BreakpointType\":1,\"LocationIdentifier\":\"Sequence\",\"IsEnabled\":false,\"Annotation\":null,\"Id\":\"207ddb5b-a86e-41f9-a8d7-df81c157489c\",\"ActivityIdRef\":\"Sequence_9\",\"ActivityId\":\"1.482\",\"ActivityName\":\"Sequence\",\"IsTransient\":false}],\"SuggestWordReplaceLargeText.xaml\":[{\"ConditionalExpression\":null,\"ActionExpression\":null,\"ExpectedHitCounter\":null,\"ShouldContinueAfterAction\":false,\"BreakpointType\":1,\"LocationIdentifier\":\"Replace Text\",\"IsEnabled\":false,\"Annotation\":null,\"Id\":\"bc2dcc8b-b9ef-4ff0-8b66-bd335b54886b\",\"ActivityIdRef\":\"WordReplaceText_3\",\"ActivityId\":\"1.2527\",\"ActivityName\":\"Replace Text\",\"IsTransient\":false},{\"ConditionalExpression\":null,\"ActionExpression\":null,\"ExpectedHitCounter\":null,\"ShouldContinueAfterAction\":false,\"BreakpointType\":1,\"LocationIdentifier\":\"While\",\"IsEnabled\":false,\"Annotation\":null,\"Id\":\"aff336b7-fb09-40b6-ba84-b18af6475933\",\"ActivityIdRef\":\"While_2\",\"ActivityId\":\"1.2069\",\"ActivityName\":\"While\",\"IsTransient\":false},{\"ConditionalExpression\":null,\"ActionExpression\":null,\"ExpectedHitCounter\":null,\"ShouldContinueAfterAction\":false,\"BreakpointType\":1,\"LocationIdentifier\":\"While Potential Employee\",\"IsEnabled\":false,\"Annotation\":null,\"Id\":\"c855b91d-3ac6-4f06-9f2c-87371f33d02d\",\"ActivityIdRef\":\"While_3\",\"ActivityId\":\"1.1749\",\"ActivityName\":\"While Potential Employee\",\"IsTransient\":false},{\"ConditionalExpression\":null,\"ActionExpression\":null,\"ExpectedHitCounter\":null,\"ShouldContinueAfterAction\":false,\"BreakpointType\":1,\"LocationIdentifier\":\"Replace EnhanceSkills\",\"IsEnabled\":false,\"Annotation\":null,\"Id\":\"bf7ca15a-7bb4-4934-8093-06e446b1d2b5\",\"ActivityIdRef\":\"WordReplaceText_8\",\"ActivityId\":\"1.1338\",\"ActivityName\":\"Replace EnhanceSkills\",\"IsTransient\":false},{\"ConditionalExpression\":null,\"ActionExpression\":null,\"ExpectedHitCounter\":null,\"ShouldContinueAfterAction\":false,\"BreakpointType\":1,\"LocationIdentifier\":\"While Professional Development\",\"IsEnabled\":false,\"Annotation\":null,\"Id\":\"6b107fbe-3143-46fa-a4bd-820bf2e643a4\",\"ActivityIdRef\":\"While_6\",\"ActivityId\":\"1.789\",\"ActivityName\":\"While Professional Development\",\"IsTransient\":false},{\"ConditionalExpression\":null,\"ActionExpression\":null,\"ExpectedHitCounter\":null,\"ShouldContinueAfterAction\":false,\"BreakpointType\":1,\"LocationIdentifier\":\"Word Application Scope\",\"IsEnabled\":false,\"Annotation\":null,\"Id\":\"61f891ef-1582-4f2f-86c0-e956fddb35f2\",\"ActivityIdRef\":\"WordApplicationScope_1\",\"ActivityId\":\"1.10\",\"ActivityName\":\"Word Application Scope\",\"IsTransient\":false}],\"Main.xaml\":[{\"ConditionalExpression\":null,\"ActionExpression\":null,\"ExpectedHitCounter\":null,\"ShouldContinueAfterAction\":false,\"BreakpointType\":1,\"LocationIdentifier\":\"Query Entity Records\",\"IsEnabled\":false,\"Annotation\":null,\"Id\":\"40649506-dc43-4359-8b2a-e1af169a5d9a\",\"ActivityIdRef\":\"QueryEntityRecords`1_2\",\"ActivityId\":\"1.5586\",\"ActivityName\":\"Query Entity Records\",\"IsTransient\":false},{\"ConditionalExpression\":null,\"ActionExpression\":null,\"ExpectedHitCounter\":null,\"ShouldContinueAfterAction\":false,\"BreakpointType\":1,\"LocationIdentifier\":\"Multiple Assign\",\"IsEnabled\":false,\"Annotation\":null,\"Id\":\"92cabbaf-6548-4ba3-a03f-483cf502973a\",\"ActivityIdRef\":\"MultipleAssign_1\",\"ActivityId\":\"1.971\",\"ActivityName\":\"Multiple Assign\",\"IsTransient\":false},{\"ConditionalExpression\":null,\"ActionExpression\":null,\"ExpectedHitCounter\":null,\"ShouldContinueAfterAction\":false,\"BreakpointType\":1,\"LocationIdentifier\":\"For Each currentCareerGrowthDs\",\"IsEnabled\":false,\"Annotation\":null,\"Id\":\"8614ae7b-ca6b-4640-8760-0d22022a8dff\",\"ActivityIdRef\":\"ForEach`1_1\",\"ActivityId\":\"1.134\",\"ActivityName\":\"For Each currentCareerGrowthDs\",\"IsTransient\":false}],\"GenAIFlow.xaml\":[{\"ConditionalExpression\":null,\"ActionExpression\":null,\"ExpectedHitCounter\":null,\"ShouldContinueAfterAction\":false,\"BreakpointType\":1,\"LocationIdentifier\":\"Rewrite Suggestion\",\"IsEnabled\":false,\"Annotation\":null,\"Id\":\"d4be173c-d335-4f27-aea8-f65b8022c56a\",\"ActivityIdRef\":\"ConnectorActivity_17\",\"ActivityId\":\"1.329\",\"ActivityName\":\"Rewrite Suggestion\",\"IsTransient\":false},{\"ConditionalExpression\":null,\"ActionExpression\":null,\"ExpectedHitCounter\":null,\"ShouldContinueAfterAction\":false,\"BreakpointType\":1,\"LocationIdentifier\":\"ExtractRecord - Invoke Workflow File (ExtractRecord.xaml)\",\"IsEnabled\":false,\"Annotation\":null,\"Id\":\"00c18666-eefb-4b48-a7f7-9125fddace81\",\"ActivityIdRef\":\"InvokeWorkflowFile_4\",\"ActivityId\":\"1.271\",\"ActivityName\":\"ExtractRecord - Invoke Workflow File (ExtractRecord.xaml)\",\"IsTransient\":false}]},\"CodeBreakpoints\":{}}","Compiler":"2","ProjectWatches":"{\"Value\":[]}","OpenedDocuments":"[{\"DocumentPath\":\"Main.xaml\",\"FactoryId\":\"{ACB8E7BA-F093-44C1-9B50-33ECA51AAE16}\"}]","ProjectActivitiesViewState":"{\"Main.xaml\":[{\"ActivityIdRef\":\"LogMessage_4\",\"IsAdvancedOptionsExpanded\":false,\"Widgets\":{}},{\"ActivityIdRef\":\"ConnectorActivity_2\",\"IsAdvancedOptionsExpanded\":false,\"Categories\":{\"Output\":true},\"Widgets\":{}},{\"ActivityIdRef\":\"LogMessage_2\",\"IsAdvancedOptionsExpanded\":false,\"Widgets\":{}},{\"ActivityIdRef\":\"ConnectorActivity_10\",\"IsAdvancedOptionsExpanded\":false,\"Categories\":{\"Output\":true},\"Widgets\":{}},{\"ActivityIdRef\":\"ConnectorActivity_12\",\"IsAdvancedOptionsExpanded\":false,\"Categories\":{\"Options\":true,\"Output\":true},\"Widgets\":{}},{\"ActivityIdRef\":\"LogMessage_7\",\"IsAdvancedOptionsExpanded\":false,\"Widgets\":{}},{\"ActivityIdRef\":\"InvokeWorkflowFile_1\",\"IsAdvancedOptionsExpanded\":false,\"Categories\":{\"Common\":true,\"Options\":true,\"Log\":true},\"Widgets\":{}},{\"ActivityIdRef\":\"ConnectorActivity_11\",\"IsAdvancedOptionsExpanded\":false,\"Categories\":{\"Options\":true,\"Output\":true},\"Widgets\":{}},{\"ActivityIdRef\":\"LogMessage_12\",\"IsAdvancedOptionsExpanded\":false,\"Widgets\":{}},{\"ActivityIdRef\":\"ConnectorActivity_13\",\"IsAdvancedOptionsExpanded\":false,\"Categories\":{\"Options\":true,\"Output\":true},\"Widgets\":{}},{\"ActivityIdRef\":\"LogMessage_11\",\"IsAdvancedOptionsExpanded\":false,\"Widgets\":{}},{\"ActivityIdRef\":\"ConnectorActivity_15\",\"IsAdvancedOptionsExpanded\":false,\"Categories\":{\"Options\":true,\"Output\":true},\"Widgets\":{}},{\"ActivityIdRef\":\"InvokeWorkflowFile_2\",\"IsAdvancedOptionsExpanded\":false,\"Categories\":{\"Common\":true,\"Options\":true,\"Log\":true},\"Widgets\":{}},{\"ActivityIdRef\":\"LogMessage_13\",\"IsAdvancedOptionsExpanded\":false,\"Widgets\":{}},{\"ActivityIdRef\":\"LogMessage_14\",\"IsAdvancedOptionsExpanded\":false,\"Widgets\":{}},{\"ActivityIdRef\":\"ConnectorActivity_16\",\"IsAdvancedOptionsExpanded\":false,\"Categories\":{\"Options\":true,\"Output\":true},\"Widgets\":{}},{\"ActivityIdRef\":\"InvokeWorkflowFile_3\",\"IsAdvancedOptionsExpanded\":false,\"Categories\":{\"Common\":true,\"Options\":true,\"Log\":true},\"Widgets\":{}},{\"ActivityIdRef\":\"ConnectorActivity_17\",\"IsAdvancedOptionsExpanded\":false,\"Categories\":{\"Options\":true,\"Output\":true},\"Widgets\":{}},{\"ActivityIdRef\":\"InvokeWorkflowFile_4\",\"IsAdvancedOptionsExpanded\":false,\"Categories\":{\"Common\":true,\"Options\":true,\"Log\":true},\"Widgets\":{}},{\"ActivityIdRef\":\"UpdateEntityRecord`1_5\",\"IsAdvancedOptionsExpanded\":false,\"Categories\":{\"Output\":true,\"Options\":true},\"Widgets\":{}},{\"ActivityIdRef\":\"ConnectorActivity_5\",\"IsAdvancedOptionsExpanded\":false,\"Categories\":{\"Options\":true,\"Output\":true},\"Widgets\":{}},{\"ActivityIdRef\":\"UpdateEntityRecord`1_6\",\"IsAdvancedOptionsExpanded\":false,\"Categories\":{\"Output\":true,\"Options\":true},\"Widgets\":{}},{\"ActivityIdRef\":\"QueryEntityRecords`1_2\",\"IsAdvancedOptionsExpanded\":false,\"Categories\":{\"Output\":true,\"Options\":true},\"Widgets\":{}},{\"ActivityIdRef\":\"UploadFileToRecordField`1_2\",\"IsAdvancedOptionsExpanded\":false,\"Categories\":{\"Output\":true,\"Options\":true},\"Widgets\":{}},{\"ActivityIdRef\":\"UploadFileToRecordField`1_1\",\"IsAdvancedOptionsExpanded\":false,\"Categories\":{\"Output\":true,\"Options\":true},\"Widgets\":{}},{\"ActivityIdRef\":\"ConnectorActivity_6\",\"IsAdvancedOptionsExpanded\":false,\"Categories\":{\"Output\":true},\"Widgets\":{}},{\"ActivityIdRef\":\"ConnectorActivity_7\",\"IsAdvancedOptionsExpanded\":false,\"Categories\":{\"Output\":true},\"Widgets\":{}},{\"ActivityIdRef\":\"LogMessage_5\",\"IsAdvancedOptionsExpanded\":false,\"Widgets\":{}},{\"ActivityIdRef\":\"UploadStorageFile_1\",\"IsAdvancedOptionsExpanded\":false,\"Widgets\":{}},{\"ActivityIdRef\":\"LogMessage_15\",\"IsAdvancedOptionsExpanded\":false,\"Widgets\":{}},{\"ActivityIdRef\":\"If_1\",\"IsAdvancedOptionsExpanded\":false,\"Widgets\":{\"Then\":{\"ShowExpanded\":true},\"Else\":{\"ShowExpanded\":true}}},{\"ActivityIdRef\":\"LogMessage_16\",\"IsAdvancedOptionsExpanded\":false,\"Widgets\":{}},{\"ActivityIdRef\":\"ForEach`1_1\",\"IsAdvancedOptionsExpanded\":false,\"Categories\":{\"\":true},\"Widgets\":{\"Body\":{\"ShowExpanded\":true}}},{\"ActivityIdRef\":\"UpdateEntityRecord`1_7\",\"IsAdvancedOptionsExpanded\":false,\"Categories\":{\"Output\":true,\"Options\":true},\"Widgets\":{}},{\"ActivityIdRef\":\"UploadFileToRecordField`1_6\",\"IsAdvancedOptionsExpanded\":false,\"Categories\":{\"Output\":true,\"Options\":true},\"Widgets\":{}},{\"ActivityIdRef\":\"LogMessage_19\",\"IsAdvancedOptionsExpanded\":false,\"Widgets\":{}},{\"ActivityIdRef\":\"If_2\",\"IsAdvancedOptionsExpanded\":false,\"Widgets\":{\"Then\":{\"ShowExpanded\":true},\"Else\":{\"ShowExpanded\":true}}},{\"ActivityIdRef\":\"InvokeWorkflowFile_8\",\"IsAdvancedOptionsExpanded\":false,\"Categories\":{\"Common\":true,\"Options\":true,\"Log\":true},\"Widgets\":{}},{\"ActivityIdRef\":\"InvokeWorkflowFile_10\",\"IsAdvancedOptionsExpanded\":false,\"Categories\":{\"Common\":true,\"Options\":true,\"Log\":true,\"Output\":true},\"Widgets\":{}}],\"CVExtractRecord.xaml\":[{\"ActivityIdRef\":\"LogMessage_11\",\"IsAdvancedOptionsExpanded\":false,\"Widgets\":{}},{\"ActivityIdRef\":\"InvokeWorkflowFile_1\",\"IsAdvancedOptionsExpanded\":false,\"Categories\":{\"Common\":true,\"Options\":true,\"Log\":true},\"Widgets\":{}},{\"ActivityIdRef\":\"LogMessage_12\",\"IsAdvancedOptionsExpanded\":false,\"Widgets\":{}}],\"SuggestionExtractRecord.xaml\":[{\"ActivityIdRef\":\"LogMessage_11\",\"IsAdvancedOptionsExpanded\":false,\"Widgets\":{}},{\"ActivityIdRef\":\"InvokeWorkflowFile_1\",\"IsAdvancedOptionsExpanded\":false,\"Categories\":{\"Common\":true,\"Options\":true,\"Log\":true},\"Widgets\":{}}],\"SuggestWordReplaceLargeText.xaml\":[{\"ActivityIdRef\":\"LogMessage_1\",\"IsAdvancedOptionsExpanded\":false,\"Widgets\":{}},{\"ActivityIdRef\":\"LogMessage_2\",\"IsAdvancedOptionsExpanded\":false,\"Widgets\":{}}],\"CVWordReplaceLargeText.xaml\":[{\"ActivityIdRef\":\"LogMessage_1\",\"IsAdvancedOptionsExpanded\":false,\"Widgets\":{}},{\"ActivityIdRef\":\"LogMessage_2\",\"IsAdvancedOptionsExpanded\":false,\"Widgets\":{}}],\"Document Extract.xaml\":[{\"ActivityIdRef\":\"GetRobotAsset_1\",\"IsAdvancedOptionsExpanded\":false,\"Categories\":{\"Misc\":true,\"Output\":true},\"Widgets\":{}},{\"ActivityIdRef\":\"ListStorageFiles_1\",\"IsAdvancedOptionsExpanded\":false,\"Widgets\":{}},{\"ActivityIdRef\":\"ForEach`1_1\",\"IsAdvancedOptionsExpanded\":false,\"Categories\":{\"\":true},\"Widgets\":{\"Body\":{\"ShowExpanded\":true}}},{\"ActivityIdRef\":\"LogMessage_1\",\"IsAdvancedOptionsExpanded\":false,\"Widgets\":{}},{\"ActivityIdRef\":\"DownloadStorageFile_1\",\"IsAdvancedOptionsExpanded\":false,\"Widgets\":{}},{\"ActivityIdRef\":\"LogMessage_2\",\"IsAdvancedOptionsExpanded\":false,\"Widgets\":{}},{\"ActivityIdRef\":\"If_2\",\"IsAdvancedOptionsExpanded\":false,\"Widgets\":{\"Then\":{\"ShowExpanded\":true},\"Else\":{\"ShowExpanded\":true}}},{\"ActivityIdRef\":\"ClassifyDocument_1\",\"IsAdvancedOptionsExpanded\":false,\"Categories\":{\"Input\":true,\"Advanced options\":true,\"Output\":true},\"Widgets\":{}},{\"ActivityIdRef\":\"If_1\",\"IsAdvancedOptionsExpanded\":false,\"Widgets\":{\"Then\":{\"ShowExpanded\":true},\"Else\":{\"ShowExpanded\":true}}},{\"ActivityIdRef\":\"ExtractDocumentDataWithDocumentData`1_1\",\"IsAdvancedOptionsExpanded\":false,\"Categories\":{\"Input\":true,\"Output\":true},\"Widgets\":{}},{\"ActivityIdRef\":\"InvokeWorkflowFile_1\",\"IsAdvancedOptionsExpanded\":false,\"Categories\":{\"Common\":true,\"Options\":true,\"Log\":true,\"Output\":true},\"Widgets\":{}},{\"ActivityIdRef\":\"UpdateEntityRecord`1_1\",\"IsAdvancedOptionsExpanded\":false,\"Categories\":{\"Output\":true,\"Options\":true},\"Widgets\":{}},{\"ActivityIdRef\":\"LogMessage_3\",\"IsAdvancedOptionsExpanded\":false,\"Widgets\":{}}],\"GenAIFlow.xaml\":[{\"ActivityIdRef\":\"LogMessage_4\",\"IsAdvancedOptionsExpanded\":false,\"Widgets\":{}},{\"ActivityIdRef\":\"ConnectorActivity_2\",\"IsAdvancedOptionsExpanded\":false,\"Categories\":{\"Output\":true},\"Widgets\":{}},{\"ActivityIdRef\":\"LogMessage_2\",\"IsAdvancedOptionsExpanded\":false,\"Widgets\":{}},{\"ActivityIdRef\":\"ConnectorActivity_10\",\"IsAdvancedOptionsExpanded\":false,\"Categories\":{\"Output\":true},\"Widgets\":{}},{\"ActivityIdRef\":\"LogMessage_13\",\"IsAdvancedOptionsExpanded\":false,\"Widgets\":{}},{\"ActivityIdRef\":\"UploadFileToRecordField`1_1\",\"IsAdvancedOptionsExpanded\":false,\"Categories\":{\"Output\":true,\"Options\":true},\"Widgets\":{}},{\"ActivityIdRef\":\"UpdateEntityRecord`1_10\",\"IsAdvancedOptionsExpanded\":false,\"Categories\":{\"Output\":true,\"Options\":true},\"Widgets\":{}},{\"ActivityIdRef\":\"Rethrow_2\",\"IsAdvancedOptionsExpanded\":false,\"Widgets\":{}},{\"ActivityIdRef\":\"LogMessage_19\",\"IsAdvancedOptionsExpanded\":false,\"Widgets\":{}},{\"ActivityIdRef\":\"InvokeWorkflowFile_4\",\"IsAdvancedOptionsExpanded\":false,\"Categories\":{\"Common\":true,\"Options\":true,\"Log\":true},\"Widgets\":{}},{\"ActivityIdRef\":\"LogMessage_14\",\"IsAdvancedOptionsExpanded\":false,\"Widgets\":{}},{\"ActivityIdRef\":\"UpdateEntityRecord`1_7\",\"IsAdvancedOptionsExpanded\":false,\"Categories\":{\"Output\":true,\"Options\":true},\"Widgets\":{}},{\"ActivityIdRef\":\"LogMessage_20\",\"IsAdvancedOptionsExpanded\":false,\"Widgets\":{}},{\"ActivityIdRef\":\"LogMessage_18\",\"IsAdvancedOptionsExpanded\":false,\"Widgets\":{}},{\"ActivityIdRef\":\"InvokeWorkflowFile_6\",\"IsAdvancedOptionsExpanded\":false,\"Categories\":{\"Common\":true,\"Options\":true,\"Log\":true},\"Widgets\":{}},{\"ActivityIdRef\":\"UploadFileToRecordField`1_6\",\"IsAdvancedOptionsExpanded\":false,\"Categories\":{\"Output\":true,\"Options\":true},\"Widgets\":{}},{\"ActivityIdRef\":\"LogMessage_21\",\"IsAdvancedOptionsExpanded\":false,\"Widgets\":{}}]}","ProjectSettings":"{\"IncludeSourcesByDefault\":true,\"RemoveUnusedDependencies\":false}"}