{
  "exportedBy": null,
  "bundleHash": null,
  "version": "1.0.0.0",
  "jitAssemblyCompilerCommands": [
    {
      "providerName": "CustomEntities",
      "bundleOptions": {
        "hash": "LpjiVaXI9f/KiHj7kWR6S3beI+x/2ajItrFDN9eXWbOFcZz6tOQXw4GStBAxFcc9A7WVqcUH9nXRgvsOUc9QFw==",
        "bundleName": "C7DBC5EF073_languageminus_signdetection_Create",
        "entitiesBundle": {
          "Types": {
            "languageminus_signdetection_Create": {
              "name": "languageminus_signdetection_Create",
              "properties": [
                {
                  "name": "confidenceScore",
                  "type": {
                    "ClrType": "System.Nullable`1[[System.Int64, System.Private.CoreLib]], System.Private.CoreLib"
                  }
                },
                {
                  "name": "language",
                  "type": {
                    "ClrType": "System.String, System.Private.CoreLib"
                  },
                  "attributes": {
                    "values": [
                      {
                        "Type": {
                          "ClrType": "System.ComponentModel.CategoryAttribute, System.ComponentModel.Primitives"
                        },
                        "constructorArguments": [
                          {
                            "Value": "\"Simplified\"",
                            "type": {
                              "ClrType": "System.String, System.Private.CoreLib"
                            }
                          }
                        ],
                        "namedArguments": []
                      },
                      {
                        "Type": {
                          "ClrType": "System.ComponentModel.DataAnnotations.DisplayAttribute, System.ComponentModel.Annotations"
                        },
                        "constructorArguments": [],
                        "namedArguments": [
                          {
                            "name": "Order",
                            "value": {
                              "Value": "1",
                              "type": {
                                "ClrType": "System.Int32, System.Private.CoreLib"
                              }
                            }
                          }
                        ]
                      }
                    ]
                  }
                },
                {
                  "name": "languageCode",
                  "type": {
                    "ClrType": "System.String, System.Private.CoreLib"
                  }
                }
              ],
              "baseType": null
            }
          },
          "version": 1
        }
      },
      "entityAssemblyKey": {
        "name": "UiPath.IntegrationService.Activities.SWEntities.C7DBC5EF073_languageminus_signdetection_Create",
        "hash": "THBqaVZhWEk5Zi9LaUhqN2tXUjZTM2JlSSt4LzJhakl0ckZETjllWFdiT0ZjWno2dE9RWHc0R1N0QkF4RmNjOUE3V1ZxY1VIOW5YUmd2c09VYzlRRnc9PQ",
        "assemblyName": "C7DBC5EF073_language.YIsnR4hQDDK1wSCzC3VyBoX1"
      }
    },
    {
      "providerName": "CustomEntities",
      "bundleOptions": {
        "hash": "54399926",
        "bundleName": "CustomGptDocumentType8Aca7033Bea34CdcA55FB56Bdf5700C9",
        "entitiesBundle": {
          "Types": {
            "CustomGptDocumentType8Aca7033Bea34CdcA55FB56Bdf5700C9": {
              "name": "CustomGptDocumentType8Aca7033Bea34CdcA55FB56Bdf5700C9",
              "properties": [
                {
                  "name": "Name",
                  "type": {
                    "ClrType": "UiPath.IntelligentOCR.StudioWeb.Activities.DataExtraction.ExtractedField`1[[System.String, System.Private.CoreLib]], UiPath.IntelligentOCR.StudioWeb.Activities"
                  }
                },
                {
                  "name": "ProfessionalSummary",
                  "type": {
                    "ClrType": "UiPath.IntelligentOCR.StudioWeb.Activities.DataExtraction.ExtractedField`1[[System.String, System.Private.CoreLib]], UiPath.IntelligentOCR.StudioWeb.Activities"
                  }
                },
                {
                  "name": "Education",
                  "type": {
                    "ClrType": "UiPath.IntelligentOCR.StudioWeb.Activities.DataExtraction.ExtractedField`1[[System.String, System.Private.CoreLib]], UiPath.IntelligentOCR.StudioWeb.Activities"
                  }
                },
                {
                  "name": "Locations",
                  "type": {
                    "ClrType": "UiPath.IntelligentOCR.StudioWeb.Activities.DataExtraction.ExtractedField`1[[System.String, System.Private.CoreLib]], UiPath.IntelligentOCR.StudioWeb.Activities"
                  }
                },
                {
                  "name": "Emails",
                  "type": {
                    "ClrType": "UiPath.IntelligentOCR.StudioWeb.Activities.DataExtraction.ExtractedField`1[[System.String, System.Private.CoreLib]], UiPath.IntelligentOCR.StudioWeb.Activities"
                  }
                },
                {
                  "name": "Phones",
                  "type": {
                    "ClrType": "UiPath.IntelligentOCR.StudioWeb.Activities.DataExtraction.ExtractedField`1[[System.String, System.Private.CoreLib]], UiPath.IntelligentOCR.StudioWeb.Activities"
                  }
                },
                {
                  "name": "Languages",
                  "type": {
                    "ClrType": "UiPath.IntelligentOCR.StudioWeb.Activities.DataExtraction.ExtractedField`1[[System.String, System.Private.CoreLib]], UiPath.IntelligentOCR.StudioWeb.Activities"
                  }
                },
                {
                  "name": "PersonalInformation",
                  "type": {
                    "ClrType": "UiPath.IntelligentOCR.StudioWeb.Activities.DataExtraction.ExtractedField`1[[System.String, System.Private.CoreLib]], UiPath.IntelligentOCR.StudioWeb.Activities"
                  }
                },
                {
                  "name": "CoreCompetencies",
                  "type": {
                    "ClrType": "UiPath.IntelligentOCR.StudioWeb.Activities.DataExtraction.ExtractedField`1[[System.String, System.Private.CoreLib]], UiPath.IntelligentOCR.StudioWeb.Activities"
                  }
                },
                {
                  "name": "Experience",
                  "type": {
                    "ClrType": "UiPath.IntelligentOCR.StudioWeb.Activities.DataExtraction.ExtractedField`1[[System.String, System.Private.CoreLib]], UiPath.IntelligentOCR.StudioWeb.Activities"
                  }
                },
                {
                  "name": "Skills",
                  "type": {
                    "ClrType": "UiPath.IntelligentOCR.StudioWeb.Activities.DataExtraction.ExtractedField`1[[System.String, System.Private.CoreLib]], UiPath.IntelligentOCR.StudioWeb.Activities"
                  }
                },
                {
                  "name": "Certifications",
                  "type": {
                    "ClrType": "UiPath.IntelligentOCR.StudioWeb.Activities.DataExtraction.ExtractedField`1[[System.String, System.Private.CoreLib]], UiPath.IntelligentOCR.StudioWeb.Activities"
                  }
                },
                {
                  "name": "Hobbies",
                  "type": {
                    "ClrType": "UiPath.IntelligentOCR.StudioWeb.Activities.DataExtraction.ExtractedField`1[[System.String, System.Private.CoreLib]], UiPath.IntelligentOCR.StudioWeb.Activities"
                  }
                }
              ],
              "baseType": {
                "ClrType": "UiPath.IntelligentOCR.StudioWeb.Activities.DataExtraction.ExtendedExtractionResultsForDocumentData, UiPath.IntelligentOCR.StudioWeb.Activities"
              },
              "generateChangeNotifications": true
            }
          },
          "version": 1
        }
      },
      "entityAssemblyKey": {
        "name": "UiPath.IntelligentOCR.StudioWeb.Activities.SWEntities.CustomGptDocumentType8Aca7033Bea34CdcA55FB56Bdf5700C9",
        "hash": "NTQzOTk5MjY",
        "assemblyName": "CustomGptDocumentTyp.sPwY449pG6K1fA9sw1BTCZh2"
      }
    },
    {
      "providerName": "CustomEntities",
      "bundleOptions": {
        "hash": "820895029",
        "bundleName": "CustomGptDocumentType6A9F65C83D214343A8F4B53003C94697",
        "entitiesBundle": {
          "Types": {
            "CustomGptDocumentType6A9F65C83D214343A8F4B53003C94697": {
              "name": "CustomGptDocumentType6A9F65C83D214343A8F4B53003C94697",
              "properties": [
                {
                  "name": "Name",
                  "type": {
                    "ClrType": "UiPath.IntelligentOCR.StudioWeb.Activities.DataExtraction.ExtractedField`1[[System.String, System.Private.CoreLib]], UiPath.IntelligentOCR.StudioWeb.Activities"
                  }
                }
              ],
              "baseType": {
                "ClrType": "UiPath.IntelligentOCR.StudioWeb.Activities.DataExtraction.ExtendedExtractionResultsForDocumentData, UiPath.IntelligentOCR.StudioWeb.Activities"
              },
              "generateChangeNotifications": true
            }
          },
          "version": 1
        }
      },
      "entityAssemblyKey": {
        "name": "UiPath.IntelligentOCR.StudioWeb.Activities.SWEntities.CustomGptDocumentType6A9F65C83D214343A8F4B53003C94697",
        "hash": "ODIwODk1MDI5",
        "assemblyName": "CustomGptDocumentTyp.vSTq73apqvI1kX8Tb12UkzT2"
      }
    },
    {
      "providerName": "CustomEntities",
      "bundleOptions": {
        "hash": "54399926",
        "bundleName": "CustomGptDocumentType86391Cb59E034297878FDe147B245A3C",
        "entitiesBundle": {
          "Types": {
            "CustomGptDocumentType86391Cb59E034297878FDe147B245A3C": {
              "name": "CustomGptDocumentType86391Cb59E034297878FDe147B245A3C",
              "properties": [
                {
                  "name": "Name",
                  "type": {
                    "ClrType": "UiPath.IntelligentOCR.StudioWeb.Activities.DataExtraction.ExtractedField`1[[System.String, System.Private.CoreLib]], UiPath.IntelligentOCR.StudioWeb.Activities"
                  }
                },
                {
                  "name": "ProfessionalSummary",
                  "type": {
                    "ClrType": "UiPath.IntelligentOCR.StudioWeb.Activities.DataExtraction.ExtractedField`1[[System.String, System.Private.CoreLib]], UiPath.IntelligentOCR.StudioWeb.Activities"
                  }
                },
                {
                  "name": "Education",
                  "type": {
                    "ClrType": "UiPath.IntelligentOCR.StudioWeb.Activities.DataExtraction.ExtractedField`1[[System.String, System.Private.CoreLib]], UiPath.IntelligentOCR.StudioWeb.Activities"
                  }
                },
                {
                  "name": "Locations",
                  "type": {
                    "ClrType": "UiPath.IntelligentOCR.StudioWeb.Activities.DataExtraction.ExtractedField`1[[System.String, System.Private.CoreLib]], UiPath.IntelligentOCR.StudioWeb.Activities"
                  }
                },
                {
                  "name": "Emails",
                  "type": {
                    "ClrType": "UiPath.IntelligentOCR.StudioWeb.Activities.DataExtraction.ExtractedField`1[[System.String, System.Private.CoreLib]], UiPath.IntelligentOCR.StudioWeb.Activities"
                  }
                },
                {
                  "name": "Phones",
                  "type": {
                    "ClrType": "UiPath.IntelligentOCR.StudioWeb.Activities.DataExtraction.ExtractedField`1[[System.String, System.Private.CoreLib]], UiPath.IntelligentOCR.StudioWeb.Activities"
                  }
                },
                {
                  "name": "Languages",
                  "type": {
                    "ClrType": "UiPath.IntelligentOCR.StudioWeb.Activities.DataExtraction.ExtractedField`1[[System.String, System.Private.CoreLib]], UiPath.IntelligentOCR.StudioWeb.Activities"
                  }
                },
                {
                  "name": "PersonalInformation",
                  "type": {
                    "ClrType": "UiPath.IntelligentOCR.StudioWeb.Activities.DataExtraction.ExtractedField`1[[System.String, System.Private.CoreLib]], UiPath.IntelligentOCR.StudioWeb.Activities"
                  }
                },
                {
                  "name": "CoreCompetencies",
                  "type": {
                    "ClrType": "UiPath.IntelligentOCR.StudioWeb.Activities.DataExtraction.ExtractedField`1[[System.String, System.Private.CoreLib]], UiPath.IntelligentOCR.StudioWeb.Activities"
                  }
                },
                {
                  "name": "Experience",
                  "type": {
                    "ClrType": "UiPath.IntelligentOCR.StudioWeb.Activities.DataExtraction.ExtractedField`1[[System.String, System.Private.CoreLib]], UiPath.IntelligentOCR.StudioWeb.Activities"
                  }
                },
                {
                  "name": "Skills",
                  "type": {
                    "ClrType": "UiPath.IntelligentOCR.StudioWeb.Activities.DataExtraction.ExtractedField`1[[System.String, System.Private.CoreLib]], UiPath.IntelligentOCR.StudioWeb.Activities"
                  }
                },
                {
                  "name": "Certifications",
                  "type": {
                    "ClrType": "UiPath.IntelligentOCR.StudioWeb.Activities.DataExtraction.ExtractedField`1[[System.String, System.Private.CoreLib]], UiPath.IntelligentOCR.StudioWeb.Activities"
                  }
                },
                {
                  "name": "Hobbies",
                  "type": {
                    "ClrType": "UiPath.IntelligentOCR.StudioWeb.Activities.DataExtraction.ExtractedField`1[[System.String, System.Private.CoreLib]], UiPath.IntelligentOCR.StudioWeb.Activities"
                  }
                }
              ],
              "baseType": {
                "ClrType": "UiPath.IntelligentOCR.StudioWeb.Activities.DataExtraction.ExtendedExtractionResultsForDocumentData, UiPath.IntelligentOCR.StudioWeb.Activities"
              },
              "generateChangeNotifications": true
            }
          },
          "version": 1
        }
      },
      "entityAssemblyKey": {
        "name": "UiPath.IntelligentOCR.StudioWeb.Activities.SWEntities.CustomGptDocumentType86391Cb59E034297878FDe147B245A3C",
        "hash": "NTQzOTk5MjY",
        "assemblyName": "CustomGptDocumentTyp.flJUWNFkAD1e88MO4tYkNF4"
      }
    }
  ]
}