{
  "assemblyStates": {
    "CustomGptDocumentTyp.sPwY449pG6K1fA9sw1BTCZh2": {
      "namespace": "UiPath.IntelligentOCR.StudioWeb.Activities.SWEntities.CustomGptDocumentType8Aca7033Bea34CdcA55FB56Bdf5700C9.Bundle",
      "providerName": "CustomEntities",
      "key": {
        "name": "UiPath.IntelligentOCR.StudioWeb.Activities.SWEntities.CustomGptDocumentType8Aca7033Bea34CdcA55FB56Bdf5700C9",
        "hash": "NTQzOTk5MjY",
        "assemblyName": "CustomGptDocumentTyp.sPwY449pG6K1fA9sw1BTCZh2"
      }
    },
    "C7DBC5EF073_language.YIsnR4hQDDK1wSCzC3VyBoX1": {
      "namespace": "UiPath.IntegrationService.Activities.SWEntities.C7DBC5EF073_languageminus_signdetection_Create.Bundle",
      "providerName": "CustomEntities",
      "key": {
        "name": "UiPath.IntegrationService.Activities.SWEntities.C7DBC5EF073_languageminus_signdetection_Create",
        "hash": "THBqaVZhWEk5Zi9LaUhqN2tXUjZTM2JlSSt4LzJhakl0ckZETjllWFdiT0ZjWno2dE9RWHc0R1N0QkF4RmNjOUE3V1ZxY1VIOW5YUmd2c09VYzlRRnc9PQ",
        "assemblyName": "C7DBC5EF073_language.YIsnR4hQDDK1wSCzC3VyBoX1"
      }
    },
    "CustomGptDocumentTyp.vSTq73apqvI1kX8Tb12UkzT2": {
      "namespace": "UiPath.IntelligentOCR.StudioWeb.Activities.SWEntities.CustomGptDocumentType6A9F65C83D214343A8F4B53003C94697.Bundle",
      "providerName": "CustomEntities",
      "key": {
        "name": "UiPath.IntelligentOCR.StudioWeb.Activities.SWEntities.CustomGptDocumentType6A9F65C83D214343A8F4B53003C94697",
        "hash": "ODIwODk1MDI5",
        "assemblyName": "CustomGptDocumentTyp.vSTq73apqvI1kX8Tb12UkzT2"
      }
    },
    "CustomGptDocumentTyp.flJUWNFkAD1e88MO4tYkNF4": {
      "namespace": "UiPath.IntelligentOCR.StudioWeb.Activities.SWEntities.CustomGptDocumentType86391Cb59E034297878FDe147B245A3C.Bundle",
      "providerName": "CustomEntities",
      "key": {
        "name": "UiPath.IntelligentOCR.StudioWeb.Activities.SWEntities.CustomGptDocumentType86391Cb59E034297878FDe147B245A3C",
        "hash": "NTQzOTk5MjY",
        "assemblyName": "CustomGptDocumentTyp.flJUWNFkAD1e88MO4tYkNF4"
      }
    }
  }
}